N,Threads,Time
256,4,0.022000
512,4,0.126000
1024,4,1.125000
2048,4,21.873000
4096,4,363.427000
