N,Threads,Time
256,8,0.015000
512,8,0.093000
1024,8,0.851000
2048,8,17.888000
4096,8,417.333000
