N,Threads,Time
256,8,0.018924
512,8,0.132291
1024,8,1.471152
2048,8,20.253322
4096,8,158.070773
