N,Threads,Time
256,4,0.019305
512,4,0.242407
1024,4,1.944152
2048,4,27.906003
4096,4,236.432564
